{"data":[{"ObjectIdentifier": "EF998772-9759-44AF-8B5D-63AFC7ACB0A7", "Properties": {"domain": "INFILTRATOR.HTB", "name": "WMIGPO@INFILTRATOR.HTB", "distinguishedname": "CN=WMIGPO,CN=WMIPOLICY,CN=SYSTEM,DC=INFILTRATOR,DC=HTB", "domainsid": "S-1-5-21-2606098828-3734741516-3625406802", "highvalue": false, "description": "", "whencreated": 1701711306}, "IsDeleted": false, "IsACLProtected": false, "Aces": [{"RightName": "Owns", "IsInherited": false, "PrincipalSID": "S-1-5-21-2606098828-3734741516-3625406802-512", "PrincipalType": "Group"}, {"RightName": "WriteOwner", "IsInherited": false, "PrincipalSID": "S-1-5-21-2606098828-3734741516-3625406802-512", "PrincipalType": "Group"}, {"RightName": "WriteDacl", "IsInherited": false, "PrincipalSID": "S-1-5-21-2606098828-3734741516-3625406802-512", "PrincipalType": "Group"}, {"RightName": "GenericAll", "IsInherited": true, "PrincipalSID": "S-1-5-21-2606098828-3734741516-3625406802-519", "PrincipalType": "Group"}, {"RightName": "GenericAll", "IsInherited": true, "PrincipalSID": "S-1-5-21-2606098828-3734741516-3625406802-512", "PrincipalType": "Group"}], "ChildObjects": []},{"ObjectIdentifier": "959511E9-DD8C-4197-8DF0-7BA1E72816E0", "Properties": {"domain": "INFILTRATOR.HTB", "name": "POLICYTYPE@INFILTRATOR.HTB", "distinguishedname": "CN=POLICYTYPE,CN=WMIPOLICY,CN=SYSTEM,DC=INFILTRATOR,DC=HTB", "domainsid": "S-1-5-21-2606098828-3734741516-3625406802", "highvalue": false, "description": "", "whencreated": 1701711306}, "IsDeleted": false, "IsACLProtected": false, "Aces": [{"RightName": "Owns", "IsInherited": false, "PrincipalSID": "S-1-5-21-2606098828-3734741516-3625406802-512", "PrincipalType": "Group"}, {"RightName": "WriteOwner", "IsInherited": false, "PrincipalSID": "S-1-5-21-2606098828-3734741516-3625406802-512", "PrincipalType": "Group"}, {"RightName": "WriteDacl", "IsInherited": false, "PrincipalSID": "S-1-5-21-2606098828-3734741516-3625406802-512", "PrincipalType": "Group"}, {"RightName": "GenericAll", "IsInherited": true, "PrincipalSID": "S-1-5-21-2606098828-3734741516-3625406802-519", "PrincipalType": "Group"}, {"RightName": "GenericAll", "IsInherited": true, "PrincipalSID": "S-1-5-21-2606098828-3734741516-3625406802-512", "PrincipalType": "Group"}], "ChildObjects": []},{"ObjectIdentifier": "CD9A1500-B158-4054-AD8E-9DF887513461", "Properties": {"domain": "INFILTRATOR.HTB", "name": "SOM@INFILTRATOR.HTB", "distinguishedname": "CN=SOM,CN=WMIPOLICY,CN=SYSTEM,DC=INFILTRATOR,DC=HTB", "domainsid": "S-1-5-21-2606098828-3734741516-3625406802", "highvalue": false, "description": "", "whencreated": 1701711306}, "IsDeleted": false, "IsACLProtected": true, "Aces": [{"RightName": "Owns", "IsInherited": false, "PrincipalSID": "S-1-5-21-2606098828-3734741516-3625406802-512", "PrincipalType": "Group"}, {"RightName": "GenericAll", "IsInherited": false, "PrincipalSID": "S-1-5-21-2606098828-3734741516-3625406802-512", "PrincipalType": "Group"}, {"RightName": "GenericAll", "IsInherited": false, "PrincipalSID": "S-1-5-21-2606098828-3734741516-3625406802-519", "PrincipalType": "Group"}], "ChildObjects": []},{"ObjectIdentifier": "48FE5B01-8013-491F-80FB-73EC5E0F5210", "Properties": {"domain": "INFILTRATOR.HTB", "name": "POLICYTEMPLATE@INFILTRATOR.HTB", "distinguishedname": "CN=POLICYTEMPLATE,CN=WMIPOLICY,CN=SYSTEM,DC=INFILTRATOR,DC=HTB", "domainsid": "S-1-5-21-2606098828-3734741516-3625406802", "highvalue": false, "description": "", "whencreated": 1701711306}, "IsDeleted": false, "IsACLProtected": false, "Aces": [{"RightName": "Owns", "IsInherited": false, "PrincipalSID": "S-1-5-21-2606098828-3734741516-3625406802-512", "PrincipalType": "Group"}, {"RightName": "WriteOwner", "IsInherited": false, "PrincipalSID": "S-1-5-21-2606098828-3734741516-3625406802-512", "PrincipalType": "Group"}, {"RightName": "WriteDacl", "IsInherited": false, "PrincipalSID": "S-1-5-21-2606098828-3734741516-3625406802-512", "PrincipalType": "Group"}, {"RightName": "GenericAll", "IsInherited": true, "PrincipalSID": "S-1-5-21-2606098828-3734741516-3625406802-519", "PrincipalType": "Group"}, {"RightName": "GenericAll", "IsInherited": true, "PrincipalSID": "S-1-5-21-2606098828-3734741516-3625406802-512", "PrincipalType": "Group"}], "ChildObjects": []},{"ObjectIdentifier": "D808AC67-50A7-419B-A1AA-325F2C56E879", "Properties": {"domain": "INFILTRATOR.HTB", "name": "WMIPOLICY@INFILTRATOR.HTB", "distinguishedname": "CN=WMIPOLICY,CN=SYSTEM,DC=INFILTRATOR,DC=HTB", "domainsid": "S-1-5-21-2606098828-3734741516-3625406802", "highvalue": false, "description": "", "whencreated": 1701711306}, "IsDeleted": false, "IsACLProtected": true, "Aces": [{"RightName": "Owns", "IsInherited": false, "PrincipalSID": "S-1-5-21-2606098828-3734741516-3625406802-512", "PrincipalType": "Group"}, {"RightName": "GenericAll", "IsInherited": false, "PrincipalSID": "S-1-5-21-2606098828-3734741516-3625406802-519", "PrincipalType": "Group"}, {"RightName": "GenericAll", "IsInherited": false, "PrincipalSID": "S-1-5-21-2606098828-3734741516-3625406802-512", "PrincipalType": "Group"}], "ChildObjects": []},{"ObjectIdentifier": "01F0CA0F-D0D0-464F-BE90-A90C26B42595", "Properties": {"domain": "INFILTRATOR.HTB", "name": "COMPARTITIONSETS@INFILTRATOR.HTB", "distinguishedname": "CN=COMPARTITIONSETS,CN=SYSTEM,DC=INFILTRATOR,DC=HTB", "domainsid": "S-1-5-21-2606098828-3734741516-3625406802", "highvalue": false, "description": "", "whencreated": 1701711306}, "IsDeleted": false, "IsACLProtected": false, "Aces": [{"RightName": "Owns", "IsInherited": false, "PrincipalSID": "S-1-5-21-2606098828-3734741516-3625406802-512", "PrincipalType": "Group"}, {"RightName": "WriteOwner", "IsInherited": false, "PrincipalSID": "S-1-5-21-2606098828-3734741516-3625406802-512", "PrincipalType": "Group"}, {"RightName": "WriteDacl", "IsInherited": false, "PrincipalSID": "S-1-5-21-2606098828-3734741516-3625406802-512", "PrincipalType": "Group"}, {"RightName": "GenericAll", "IsInherited": true, "PrincipalSID": "S-1-5-21-2606098828-3734741516-3625406802-519", "PrincipalType": "Group"}, {"RightName": "WriteOwner", "IsInherited": true, "PrincipalSID": "INFILTRATOR.HTB-S-1-5-32-544", "PrincipalType": "Group"}, {"RightName": "WriteDacl", "IsInherited": true, "PrincipalSID": "INFILTRATOR.HTB-S-1-5-32-544", "PrincipalType": "Group"}], "ChildObjects": []},{"ObjectIdentifier": "7A7DE2C7-18A4-4555-B19C-C813CE66BE62", "Properties": {"domain": "INFILTRATOR.HTB", "name": "COMPARTITIONS@INFILTRATOR.HTB", "distinguishedname": "CN=COMPARTITIONS,CN=SYSTEM,DC=INFILTRATOR,DC=HTB", "domainsid": "S-1-5-21-2606098828-3734741516-3625406802", "highvalue": false, "description": "", "whencreated": 1701711306}, "IsDeleted": false, "IsACLProtected": false, "Aces": [{"RightName": "Owns", "IsInherited": false, "PrincipalSID": "S-1-5-21-2606098828-3734741516-3625406802-512", "PrincipalType": "Group"}, {"RightName": "WriteOwner", "IsInherited": false, "PrincipalSID": "S-1-5-21-2606098828-3734741516-3625406802-512", "PrincipalType": "Group"}, {"RightName": "WriteDacl", "IsInherited": false, "PrincipalSID": "S-1-5-21-2606098828-3734741516-3625406802-512", "PrincipalType": "Group"}, {"RightName": "GenericAll", "IsInherited": true, "PrincipalSID": "S-1-5-21-2606098828-3734741516-3625406802-519", "PrincipalType": "Group"}, {"RightName": "WriteOwner", "IsInherited": true, "PrincipalSID": "INFILTRATOR.HTB-S-1-5-32-544", "PrincipalType": "Group"}, {"RightName": "WriteDacl", "IsInherited": true, "PrincipalSID": "INFILTRATOR.HTB-S-1-5-32-544", "PrincipalType": "Group"}], "ChildObjects": []},{"ObjectIdentifier": "16D24B75-6501-43A8-9F3B-815FDD335BC1", "Properties": {"domain": "INFILTRATOR.HTB", "name": "ADMINSDHOLDER@INFILTRATOR.HTB", "distinguishedname": "CN=ADMINSDHOLDER,CN=SYSTEM,DC=INFILTRATOR,DC=HTB", "domainsid": "S-1-5-21-2606098828-3734741516-3625406802", "highvalue": false, "description": "", "whencreated": 1701711306}, "IsDeleted": false, "IsACLProtected": true, "Aces": [{"RightName": "Owns", "IsInherited": false, "PrincipalSID": "S-1-5-21-2606098828-3734741516-3625406802-512", "PrincipalType": "Group"}, {"RightName": "WriteOwner", "IsInherited": false, "PrincipalSID": "S-1-5-21-2606098828-3734741516-3625406802-512", "PrincipalType": "Group"}, {"RightName": "WriteDacl", "IsInherited": false, "PrincipalSID": "S-1-5-21-2606098828-3734741516-3625406802-512", "PrincipalType": "Group"}, {"RightName": "WriteOwner", "IsInherited": false, "PrincipalSID": "S-1-5-21-2606098828-3734741516-3625406802-519", "PrincipalType": "Group"}, {"RightName": "WriteDacl", "IsInherited": false, "PrincipalSID": "S-1-5-21-2606098828-3734741516-3625406802-519", "PrincipalType": "Group"}, {"RightName": "WriteOwner", "IsInherited": false, "PrincipalSID": "INFILTRATOR.HTB-S-1-5-32-544", "PrincipalType": "Group"}, {"RightName": "WriteDacl", "IsInherited": false, "PrincipalSID": "INFILTRATOR.HTB-S-1-5-32-544", "PrincipalType": "Group"}], "ChildObjects": []},{"ObjectIdentifier": "63D4AFD0-DE82-450D-8B1B-43FA2D06FFFF", "Properties": {"domain": "INFILTRATOR.HTB", "name": "RAS AND IAS SERVERS ACCESS CHECK@INFILTRATOR.HTB", "distinguishedname": "CN=RAS AND IAS SERVERS ACCESS CHECK,CN=SYSTEM,DC=INFILTRATOR,DC=HTB", "domainsid": "S-1-5-21-2606098828-3734741516-3625406802", "highvalue": false, "description": "", "whencreated": 1701711306}, "IsDeleted": false, "IsACLProtected": false, "Aces": [{"RightName": "Owns", "IsInherited": false, "PrincipalSID": "S-1-5-21-2606098828-3734741516-3625406802-512", "PrincipalType": "Group"}, {"RightName": "WriteOwner", "IsInherited": false, "PrincipalSID": "S-1-5-21-2606098828-3734741516-3625406802-553", "PrincipalType": "Group"}, {"RightName": "WriteDacl", "IsInherited": false, "PrincipalSID": "S-1-5-21-2606098828-3734741516-3625406802-553", "PrincipalType": "Group"}, {"RightName": "GenericAll", "IsInherited": true, "PrincipalSID": "S-1-5-21-2606098828-3734741516-3625406802-519", "PrincipalType": "Group"}, {"RightName": "WriteOwner", "IsInherited": true, "PrincipalSID": "INFILTRATOR.HTB-S-1-5-32-544", "PrincipalType": "Group"}, {"RightName": "WriteDacl", "IsInherited": true, "PrincipalSID": "INFILTRATOR.HTB-S-1-5-32-544", "PrincipalType": "Group"}], "ChildObjects": []},{"ObjectIdentifier": "2351431C-3239-4F79-89E9-6E6D2E422DD5", "Properties": {"domain": "INFILTRATOR.HTB", "name": "POLICIES@INFILTRATOR.HTB", "distinguishedname": "CN=POLICIES,CN=SYSTEM,DC=INFILTRATOR,DC=HTB", "domainsid": "S-1-5-21-2606098828-3734741516-3625406802", "highvalue": false, "description": "", "whencreated": 1701711306}, "IsDeleted": false, "IsACLProtected": false, "Aces": [{"RightName": "Owns", "IsInherited": false, "PrincipalSID": "S-1-5-21-2606098828-3734741516-3625406802-512", "PrincipalType": "Group"}, {"RightName": "WriteOwner", "IsInherited": false, "PrincipalSID": "S-1-5-21-2606098828-3734741516-3625406802-512", "PrincipalType": "Group"}, {"RightName": "WriteDacl", "IsInherited": false, "PrincipalSID": "S-1-5-21-2606098828-3734741516-3625406802-512", "PrincipalType": "Group"}, {"RightName": "GenericAll", "IsInherited": true, "PrincipalSID": "S-1-5-21-2606098828-3734741516-3625406802-519", "PrincipalType": "Group"}, {"RightName": "WriteOwner", "IsInherited": true, "PrincipalSID": "INFILTRATOR.HTB-S-1-5-32-544", "PrincipalType": "Group"}, {"RightName": "WriteDacl", "IsInherited": true, "PrincipalSID": "INFILTRATOR.HTB-S-1-5-32-544", "PrincipalType": "Group"}], "ChildObjects": []},{"ObjectIdentifier": "C38F4BB7-005E-4695-8040-01CFB87D3D6F", "Properties": {"domain": "INFILTRATOR.HTB", "name": "MEETINGS@INFILTRATOR.HTB", "distinguishedname": "CN=MEETINGS,CN=SYSTEM,DC=INFILTRATOR,DC=HTB", "domainsid": "S-1-5-21-2606098828-3734741516-3625406802", "highvalue": false, "description": "", "whencreated": 1701711306}, "IsDeleted": false, "IsACLProtected": false, "Aces": [{"RightName": "Owns", "IsInherited": false, "PrincipalSID": "S-1-5-21-2606098828-3734741516-3625406802-512", "PrincipalType": "Group"}, {"RightName": "WriteOwner", "IsInherited": false, "PrincipalSID": "S-1-5-21-2606098828-3734741516-3625406802-512", "PrincipalType": "Group"}, {"RightName": "WriteDacl", "IsInherited": false, "PrincipalSID": "S-1-5-21-2606098828-3734741516-3625406802-512", "PrincipalType": "Group"}, {"RightName": "GenericAll", "IsInherited": true, "PrincipalSID": "S-1-5-21-2606098828-3734741516-3625406802-519", "PrincipalType": "Group"}, {"RightName": "WriteOwner", "IsInherited": true, "PrincipalSID": "INFILTRATOR.HTB-S-1-5-32-544", "PrincipalType": "Group"}, {"RightName": "WriteDacl", "IsInherited": true, "PrincipalSID": "INFILTRATOR.HTB-S-1-5-32-544", "PrincipalType": "Group"}], "ChildObjects": []},{"ObjectIdentifier": "D1F92509-5448-4174-946D-E9492580F8F2", "Properties": {"domain": "INFILTRATOR.HTB", "name": "WINSOCKSERVICES@INFILTRATOR.HTB", "distinguishedname": "CN=WINSOCKSERVICES,CN=SYSTEM,DC=INFILTRATOR,DC=HTB", "domainsid": "S-1-5-21-2606098828-3734741516-3625406802", "highvalue": false, "description": "", "whencreated": 1701711306}, "IsDeleted": false, "IsACLProtected": false, "Aces": [{"RightName": "Owns", "IsInherited": false, "PrincipalSID": "S-1-5-21-2606098828-3734741516-3625406802-512", "PrincipalType": "Group"}, {"RightName": "WriteOwner", "IsInherited": false, "PrincipalSID": "S-1-5-21-2606098828-3734741516-3625406802-512", "PrincipalType": "Group"}, {"RightName": "WriteDacl", "IsInherited": false, "PrincipalSID": "S-1-5-21-2606098828-3734741516-3625406802-512", "PrincipalType": "Group"}, {"RightName": "GenericAll", "IsInherited": true, "PrincipalSID": "S-1-5-21-2606098828-3734741516-3625406802-519", "PrincipalType": "Group"}, {"RightName": "WriteOwner", "IsInherited": true, "PrincipalSID": "INFILTRATOR.HTB-S-1-5-32-544", "PrincipalType": "Group"}, {"RightName": "WriteDacl", "IsInherited": true, "PrincipalSID": "INFILTRATOR.HTB-S-1-5-32-544", "PrincipalType": "Group"}], "ChildObjects": []},{"ObjectIdentifier": "593D6FD9-992B-4A01-91FB-B7D62E2E5072", "Properties": {"domain": "INFILTRATOR.HTB", "name": "MANAGED SERVICE ACCOUNTS@INFILTRATOR.HTB", "distinguishedname": "CN=MANAGED SERVICE ACCOUNTS,DC=INFILTRATOR,DC=HTB", "domainsid": "S-1-5-21-2606098828-3734741516-3625406802", "highvalue": false, "description": "Default container for managed service accounts", "whencreated": 1701711306}, "IsDeleted": false, "IsACLProtected": false, "Aces": [{"RightName": "Owns", "IsInherited": false, "PrincipalSID": "S-1-5-21-2606098828-3734741516-3625406802-512", "PrincipalType": "Group"}, {"RightName": "WriteOwner", "IsInherited": false, "PrincipalSID": "S-1-5-21-2606098828-3734741516-3625406802-512", "PrincipalType": "Group"}, {"RightName": "WriteDacl", "IsInherited": false, "PrincipalSID": "S-1-5-21-2606098828-3734741516-3625406802-512", "PrincipalType": "Group"}, {"RightName": "GenericAll", "IsInherited": true, "PrincipalSID": "S-1-5-21-2606098828-3734741516-3625406802-519", "PrincipalType": "Group"}, {"RightName": "WriteOwner", "IsInherited": true, "PrincipalSID": "INFILTRATOR.HTB-S-1-5-32-544", "PrincipalType": "Group"}, {"RightName": "WriteDacl", "IsInherited": true, "PrincipalSID": "INFILTRATOR.HTB-S-1-5-32-544", "PrincipalType": "Group"}], "ChildObjects": [{"ObjectIdentifier": "S-1-5-21-2606098828-3734741516-3625406802-3102", "ObjectType": "User"}]},{"ObjectIdentifier": "EC298909-EC1D-4559-A486-655C375E16A5", "Properties": {"domain": "INFILTRATOR.HTB", "name": "MICROSOFT@INFILTRATOR.HTB", "distinguishedname": "CN=MICROSOFT,CN=PROGRAM DATA,DC=INFILTRATOR,DC=HTB", "domainsid": "S-1-5-21-2606098828-3734741516-3625406802", "highvalue": false, "description": "Default location for storage of Microsoft application data.", "whencreated": 1701711306}, "IsDeleted": false, "IsACLProtected": false, "Aces": [{"RightName": "Owns", "IsInherited": false, "PrincipalSID": "S-1-5-21-2606098828-3734741516-3625406802-512", "PrincipalType": "Group"}, {"RightName": "GenericAll", "IsInherited": false, "PrincipalSID": "S-1-5-21-2606098828-3734741516-3625406802-512", "PrincipalType": "Group"}, {"RightName": "GenericAll", "IsInherited": true, "PrincipalSID": "S-1-5-21-2606098828-3734741516-3625406802-519", "PrincipalType": "Group"}, {"RightName": "WriteOwner", "IsInherited": true, "PrincipalSID": "INFILTRATOR.HTB-S-1-5-32-544", "PrincipalType": "Group"}, {"RightName": "WriteDacl", "IsInherited": true, "PrincipalSID": "INFILTRATOR.HTB-S-1-5-32-544", "PrincipalType": "Group"}], "ChildObjects": []},{"ObjectIdentifier": "1936239D-AB08-44F5-BEA7-02547C1D110C", "Properties": {"domain": "INFILTRATOR.HTB", "name": "PROGRAM DATA@INFILTRATOR.HTB", "distinguishedname": "CN=PROGRAM DATA,DC=INFILTRATOR,DC=HTB", "domainsid": "S-1-5-21-2606098828-3734741516-3625406802", "highvalue": false, "description": "Default location for storage of application data.", "whencreated": 1701711306}, "IsDeleted": false, "IsACLProtected": false, "Aces": [{"RightName": "Owns", "IsInherited": false, "PrincipalSID": "S-1-5-21-2606098828-3734741516-3625406802-512", "PrincipalType": "Group"}, {"RightName": "GenericAll", "IsInherited": false, "PrincipalSID": "S-1-5-21-2606098828-3734741516-3625406802-512", "PrincipalType": "Group"}, {"RightName": "GenericAll", "IsInherited": true, "PrincipalSID": "S-1-5-21-2606098828-3734741516-3625406802-519", "PrincipalType": "Group"}, {"RightName": "WriteOwner", "IsInherited": true, "PrincipalSID": "INFILTRATOR.HTB-S-1-5-32-544", "PrincipalType": "Group"}, {"RightName": "WriteDacl", "IsInherited": true, "PrincipalSID": "INFILTRATOR.HTB-S-1-5-32-544", "PrincipalType": "Group"}], "ChildObjects": []},{"ObjectIdentifier": "F31A124C-722C-4D94-B590-EE0F0CDECA6C", "Properties": {"domain": "INFILTRATOR.HTB", "name": "FOREIGNSECURITYPRINCIPALS@INFILTRATOR.HTB", "distinguishedname": "CN=FOREIGNSECURITYPRINCIPALS,DC=INFILTRATOR,DC=HTB", "domainsid": "S-1-5-21-2606098828-3734741516-3625406802", "highvalue": false, "description": "Default container for security identifiers (SIDs) associated with objects from external, trusted domains", "whencreated": 1701711306}, "IsDeleted": false, "IsACLProtected": false, "Aces": [{"RightName": "Owns", "IsInherited": false, "PrincipalSID": "S-1-5-21-2606098828-3734741516-3625406802-512", "PrincipalType": "Group"}, {"RightName": "GenericAll", "IsInherited": false, "PrincipalSID": "S-1-5-21-2606098828-3734741516-3625406802-512", "PrincipalType": "Group"}, {"RightName": "GenericAll", "IsInherited": true, "PrincipalSID": "S-1-5-21-2606098828-3734741516-3625406802-519", "PrincipalType": "Group"}, {"RightName": "WriteOwner", "IsInherited": true, "PrincipalSID": "INFILTRATOR.HTB-S-1-5-32-544", "PrincipalType": "Group"}, {"RightName": "WriteDacl", "IsInherited": true, "PrincipalSID": "INFILTRATOR.HTB-S-1-5-32-544", "PrincipalType": "Group"}], "ChildObjects": []},{"ObjectIdentifier": "685C7C87-99A9-481A-8E46-B8F46FBFBDD8", "Properties": {"domain": "INFILTRATOR.HTB", "name": "SYSTEM@INFILTRATOR.HTB", "distinguishedname": "CN=SYSTEM,DC=INFILTRATOR,DC=HTB", "domainsid": "S-1-5-21-2606098828-3734741516-3625406802", "highvalue": false, "description": "Builtin system settings", "whencreated": 1701711306}, "IsDeleted": false, "IsACLProtected": false, "Aces": [{"RightName": "Owns", "IsInherited": false, "PrincipalSID": "S-1-5-21-2606098828-3734741516-3625406802-512", "PrincipalType": "Group"}, {"RightName": "WriteOwner", "IsInherited": false, "PrincipalSID": "S-1-5-21-2606098828-3734741516-3625406802-512", "PrincipalType": "Group"}, {"RightName": "WriteDacl", "IsInherited": false, "PrincipalSID": "S-1-5-21-2606098828-3734741516-3625406802-512", "PrincipalType": "Group"}, {"RightName": "GenericAll", "IsInherited": true, "PrincipalSID": "S-1-5-21-2606098828-3734741516-3625406802-519", "PrincipalType": "Group"}, {"RightName": "WriteOwner", "IsInherited": true, "PrincipalSID": "INFILTRATOR.HTB-S-1-5-32-544", "PrincipalType": "Group"}, {"RightName": "WriteDacl", "IsInherited": true, "PrincipalSID": "INFILTRATOR.HTB-S-1-5-32-544", "PrincipalType": "Group"}], "ChildObjects": []},{"ObjectIdentifier": "11A3AC24-8716-4351-9FEB-A4E4DDCC6BF8", "Properties": {"domain": "INFILTRATOR.HTB", "name": "COMPUTERS@INFILTRATOR.HTB", "distinguishedname": "CN=COMPUTERS,DC=INFILTRATOR,DC=HTB", "domainsid": "S-1-5-21-2606098828-3734741516-3625406802", "highvalue": false, "description": "Default container for upgraded computer accounts", "whencreated": 1701711306}, "IsDeleted": false, "IsACLProtected": false, "Aces": [{"RightName": "Owns", "IsInherited": false, "PrincipalSID": "S-1-5-21-2606098828-3734741516-3625406802-512", "PrincipalType": "Group"}, {"RightName": "WriteOwner", "IsInherited": false, "PrincipalSID": "S-1-5-21-2606098828-3734741516-3625406802-512", "PrincipalType": "Group"}, {"RightName": "WriteDacl", "IsInherited": false, "PrincipalSID": "S-1-5-21-2606098828-3734741516-3625406802-512", "PrincipalType": "Group"}, {"RightName": "GenericAll", "IsInherited": true, "PrincipalSID": "S-1-5-21-2606098828-3734741516-3625406802-519", "PrincipalType": "Group"}, {"RightName": "WriteOwner", "IsInherited": true, "PrincipalSID": "INFILTRATOR.HTB-S-1-5-32-544", "PrincipalType": "Group"}, {"RightName": "WriteDacl", "IsInherited": true, "PrincipalSID": "INFILTRATOR.HTB-S-1-5-32-544", "PrincipalType": "Group"}], "ChildObjects": []},{"ObjectIdentifier": "ACB8CF76-C206-4042-93F0-F64248D891BC", "Properties": {"domain": "INFILTRATOR.HTB", "name": "USERS@INFILTRATOR.HTB", "distinguishedname": "CN=USERS,DC=INFILTRATOR,DC=HTB", "domainsid": "S-1-5-21-2606098828-3734741516-3625406802", "highvalue": false, "description": "Default container for upgraded user accounts", "whencreated": 1701711306}, "IsDeleted": false, "IsACLProtected": false, "Aces": [{"RightName": "Owns", "IsInherited": false, "PrincipalSID": "S-1-5-21-2606098828-3734741516-3625406802-512", "PrincipalType": "Group"}, {"RightName": "WriteOwner", "IsInherited": false, "PrincipalSID": "S-1-5-21-2606098828-3734741516-3625406802-512", "PrincipalType": "Group"}, {"RightName": "WriteDacl", "IsInherited": false, "PrincipalSID": "S-1-5-21-2606098828-3734741516-3625406802-512", "PrincipalType": "Group"}, {"RightName": "GenericAll", "IsInherited": true, "PrincipalSID": "S-1-5-21-2606098828-3734741516-3625406802-519", "PrincipalType": "Group"}, {"RightName": "WriteOwner", "IsInherited": true, "PrincipalSID": "INFILTRATOR.HTB-S-1-5-32-544", "PrincipalType": "Group"}, {"RightName": "WriteDacl", "IsInherited": true, "PrincipalSID": "INFILTRATOR.HTB-S-1-5-32-544", "PrincipalType": "Group"}], "ChildObjects": [{"ObjectIdentifier": "S-1-5-21-2606098828-3734741516-3625406802-1601", "ObjectType": "User"}, {"ObjectIdentifier": "S-1-5-21-2606098828-3734741516-3625406802-1116", "ObjectType": "Group"}, {"ObjectIdentifier": "S-1-5-21-2606098828-3734741516-3625406802-518", "ObjectType": "Group"}, {"ObjectIdentifier": "S-1-5-21-2606098828-3734741516-3625406802-521", "ObjectType": "Group"}, {"ObjectIdentifier": "S-1-5-21-2606098828-3734741516-3625406802-553", "ObjectType": "Group"}, {"ObjectIdentifier": "S-1-5-21-2606098828-3734741516-3625406802-525", "ObjectType": "Group"}, {"ObjectIdentifier": "S-1-5-21-2606098828-3734741516-3625406802-1106", "ObjectType": "User"}, {"ObjectIdentifier": "S-1-5-21-2606098828-3734741516-3625406802-1115", "ObjectType": "Group"}, {"ObjectIdentifier": "S-1-5-21-2606098828-3734741516-3625406802-1105", "ObjectType": "User"}, {"ObjectIdentifier": "S-1-5-21-2606098828-3734741516-3625406802-8101", "ObjectType": "User"}, {"ObjectIdentifier": "S-1-5-21-2606098828-3734741516-3625406802-1104", "ObjectType": "User"}, {"ObjectIdentifier": "S-1-5-21-2606098828-3734741516-3625406802-502", "ObjectType": "User"}, {"ObjectIdentifier": "S-1-5-21-2606098828-3734741516-3625406802-526", "ObjectType": "Group"}, {"ObjectIdentifier": "S-1-5-21-2606098828-3734741516-3625406802-1108", "ObjectType": "User"}, {"ObjectIdentifier": "S-1-5-21-2606098828-3734741516-3625406802-1114", "ObjectType": "Group"}, {"ObjectIdentifier": "S-1-5-21-2606098828-3734741516-3625406802-501", "ObjectType": "User"}, {"ObjectIdentifier": "S-1-5-21-2606098828-3734741516-3625406802-520", "ObjectType": "Group"}, {"ObjectIdentifier": "S-1-5-21-2606098828-3734741516-3625406802-498", "ObjectType": "Group"}, {"ObjectIdentifier": "S-1-5-21-2606098828-3734741516-3625406802-527", "ObjectType": "Group"}, {"ObjectIdentifier": "S-1-5-21-2606098828-3734741516-3625406802-519", "ObjectType": "Group"}, {"ObjectIdentifier": "S-1-5-21-2606098828-3734741516-3625406802-513", "ObjectType": "Group"}, {"ObjectIdentifier": "S-1-5-21-2606098828-3734741516-3625406802-514", "ObjectType": "Group"}, {"ObjectIdentifier": "S-1-5-21-2606098828-3734741516-3625406802-516", "ObjectType": "Group"}, {"ObjectIdentifier": "S-1-5-21-2606098828-3734741516-3625406802-515", "ObjectType": "Group"}, {"ObjectIdentifier": "S-1-5-21-2606098828-3734741516-3625406802-512", "ObjectType": "Group"}, {"ObjectIdentifier": "S-1-5-21-2606098828-3734741516-3625406802-1102", "ObjectType": "Group"}, {"ObjectIdentifier": "S-1-5-21-2606098828-3734741516-3625406802-1101", "ObjectType": "Group"}, {"ObjectIdentifier": "S-1-5-21-2606098828-3734741516-3625406802-1113", "ObjectType": "Group"}, {"ObjectIdentifier": "S-1-5-21-2606098828-3734741516-3625406802-1112", "ObjectType": "Group"}, {"ObjectIdentifier": "S-1-5-21-2606098828-3734741516-3625406802-572", "ObjectType": "Group"}, {"ObjectIdentifier": "S-1-5-21-2606098828-3734741516-3625406802-1103", "ObjectType": "User"}, {"ObjectIdentifier": "S-1-5-21-2606098828-3734741516-3625406802-522", "ObjectType": "Group"}, {"ObjectIdentifier": "S-1-5-21-2606098828-3734741516-3625406802-1111", "ObjectType": "Group"}, {"ObjectIdentifier": "S-1-5-21-2606098828-3734741516-3625406802-517", "ObjectType": "Group"}, {"ObjectIdentifier": "S-1-5-21-2606098828-3734741516-3625406802-571", "ObjectType": "Group"}, {"ObjectIdentifier": "S-1-5-21-2606098828-3734741516-3625406802-500", "ObjectType": "User"}, {"ObjectIdentifier": "S-1-5-21-2606098828-3734741516-3625406802-1107", "ObjectType": "User"}]}],"meta":{"methods":0,"type":"containers","count":19, "version":5}}