{"data":[{"ObjectIdentifier": "4821A642-E2BC-4024-A1E5-C22F524AE985", "Properties": {"domain": "INFILTRATOR.HTB", "name": "MARKETING DIGITAL@INFILTRATOR.HTB", "distinguishedname": "OU=MARKETING DIGITAL,DC=INFILTRATOR,DC=HTB", "domainsid": "S-1-5-21-2606098828-3734741516-3625406802", "highvalue": false, "blocksinheritance": false, "description": null, "whencreated": 1701733476}, "IsDeleted": false, "IsACLProtected": false, "Aces": [{"RightName": "Owns", "IsInherited": false, "PrincipalSID": "S-1-5-21-2606098828-3734741516-3625406802-512", "PrincipalType": "Group"}, {"RightName": "GenericAll", "IsInherited": false, "PrincipalSID": "S-1-5-21-2606098828-3734741516-3625406802-512", "PrincipalType": "Group"}, {"RightName": "GenericAll", "IsInherited": false, "PrincipalSID": "S-1-5-21-2606098828-3734741516-3625406802-1103", "PrincipalType": "User"}, {"RightName": "GenericAll", "IsInherited": true, "PrincipalSID": "S-1-5-21-2606098828-3734741516-3625406802-519", "PrincipalType": "Group"}, {"RightName": "WriteOwner", "IsInherited": true, "PrincipalSID": "INFILTRATOR.HTB-S-1-5-32-544", "PrincipalType": "Group"}, {"RightName": "WriteDacl", "IsInherited": true, "PrincipalSID": "INFILTRATOR.HTB-S-1-5-32-544", "PrincipalType": "Group"}], "Links": [], "ChildObjects": [{"ObjectIdentifier": "S-1-5-21-2606098828-3734741516-3625406802-1109", "ObjectType": "User"}], "GPOChanges": {"AffectedComputers": [], "DcomUsers": [], "LocalAdmins": [], "PSRemoteUsers": [], "RemoteDesktopUsers": []}},{"ObjectIdentifier": "C0EA172C-0AEF-41CC-95B7-C845764A2799", "Properties": {"domain": "INFILTRATOR.HTB", "name": "DOMAIN CONTROLLERS@INFILTRATOR.HTB", "distinguishedname": "OU=DOMAIN CONTROLLERS,DC=INFILTRATOR,DC=HTB", "domainsid": "S-1-5-21-2606098828-3734741516-3625406802", "highvalue": false, "blocksinheritance": false, "description": "Default container for domain controllers", "whencreated": 1701711306}, "IsDeleted": false, "IsACLProtected": false, "Aces": [{"RightName": "Owns", "IsInherited": false, "PrincipalSID": "S-1-5-21-2606098828-3734741516-3625406802-512", "PrincipalType": "Group"}, {"RightName": "WriteOwner", "IsInherited": false, "PrincipalSID": "S-1-5-21-2606098828-3734741516-3625406802-512", "PrincipalType": "Group"}, {"RightName": "WriteDacl", "IsInherited": false, "PrincipalSID": "S-1-5-21-2606098828-3734741516-3625406802-512", "PrincipalType": "Group"}, {"RightName": "GenericAll", "IsInherited": true, "PrincipalSID": "S-1-5-21-2606098828-3734741516-3625406802-519", "PrincipalType": "Group"}, {"RightName": "WriteOwner", "IsInherited": true, "PrincipalSID": "INFILTRATOR.HTB-S-1-5-32-544", "PrincipalType": "Group"}, {"RightName": "WriteDacl", "IsInherited": true, "PrincipalSID": "INFILTRATOR.HTB-S-1-5-32-544", "PrincipalType": "Group"}], "Links": [{"IsEnforced": false, "GUID": "12F852F5-F775-495E-AEB9-51B2E67B6B8E"}], "ChildObjects": [{"ObjectIdentifier": "S-1-5-21-2606098828-3734741516-3625406802-1000", "ObjectType": "Computer"}], "GPOChanges": {"AffectedComputers": [], "DcomUsers": [], "LocalAdmins": [], "PSRemoteUsers": [], "RemoteDesktopUsers": []}}],"meta":{"methods":0,"type":"ous","count":2, "version":5}}