{"data":[{"ObjectIdentifier": "8554F7E9-5057-468A-8644-E5A66F2C6A9C", "Properties": {"domain": "INFILTRATOR.HTB", "name": "DEFAULT DOMAIN POLICY@INFILTRATOR.HTB", "distinguishedname": "CN={31B2F340-016D-11D2-945F-00C04FB984F9},CN=POLICIES,CN=SYSTEM,DC=INFILTRATOR,DC=HTB", "domainsid": "S-1-5-21-2606098828-3734741516-3625406802", "highvalue": false, "gpcpath": "\\\\INFILTRATOR.HTB\\SYSVOL\\INFILTRATOR.HTB\\POLICIES\\{31B2F340-016D-11D2-945F-00C04FB984F9}", "description": null, "whencreated": 1701711306}, "IsDeleted": false, "IsACLProtected": true, "Aces": [{"RightName": "Owns", "IsInherited": false, "PrincipalSID": "S-1-5-21-2606098828-3734741516-3625406802-512", "PrincipalType": "Group"}, {"RightName": "GenericWrite", "IsInherited": false, "PrincipalSID": "S-1-5-21-2606098828-3734741516-3625406802-512", "PrincipalType": "Group"}, {"RightName": "WriteOwner", "IsInherited": false, "PrincipalSID": "S-1-5-21-2606098828-3734741516-3625406802-512", "PrincipalType": "Group"}, {"RightName": "WriteDacl", "IsInherited": false, "PrincipalSID": "S-1-5-21-2606098828-3734741516-3625406802-512", "PrincipalType": "Group"}, {"RightName": "GenericWrite", "IsInherited": false, "PrincipalSID": "S-1-5-21-2606098828-3734741516-3625406802-519", "PrincipalType": "Group"}, {"RightName": "WriteOwner", "IsInherited": false, "PrincipalSID": "S-1-5-21-2606098828-3734741516-3625406802-519", "PrincipalType": "Group"}, {"RightName": "WriteDacl", "IsInherited": false, "PrincipalSID": "S-1-5-21-2606098828-3734741516-3625406802-519", "PrincipalType": "Group"}, {"RightName": "GenericWrite", "IsInherited": false, "PrincipalSID": "S-1-5-21-2606098828-3734741516-3625406802-512", "PrincipalType": "Group"}, {"RightName": "WriteOwner", "IsInherited": false, "PrincipalSID": "S-1-5-21-2606098828-3734741516-3625406802-512", "PrincipalType": "Group"}, {"RightName": "WriteDacl", "IsInherited": false, "PrincipalSID": "S-1-5-21-2606098828-3734741516-3625406802-512", "PrincipalType": "Group"}]},{"ObjectIdentifier": "12F852F5-F775-495E-AEB9-51B2E67B6B8E", "Properties": {"domain": "INFILTRATOR.HTB", "name": "DEFAULT DOMAIN CONTROLLERS POLICY@INFILTRATOR.HTB", "distinguishedname": "CN={6AC1786C-016F-11D2-945F-00C04FB984F9},CN=POLICIES,CN=SYSTEM,DC=INFILTRATOR,DC=HTB", "domainsid": "S-1-5-21-2606098828-3734741516-3625406802", "highvalue": false, "gpcpath": "\\\\INFILTRATOR.HTB\\SYSVOL\\INFILTRATOR.HTB\\POLICIES\\{6AC1786C-016F-11D2-945F-00C04FB984F9}", "description": null, "whencreated": 1701711306}, "IsDeleted": false, "IsACLProtected": true, "Aces": [{"RightName": "Owns", "IsInherited": false, "PrincipalSID": "S-1-5-21-2606098828-3734741516-3625406802-512", "PrincipalType": "Group"}, {"RightName": "GenericWrite", "IsInherited": false, "PrincipalSID": "S-1-5-21-2606098828-3734741516-3625406802-512", "PrincipalType": "Group"}, {"RightName": "WriteOwner", "IsInherited": false, "PrincipalSID": "S-1-5-21-2606098828-3734741516-3625406802-512", "PrincipalType": "Group"}, {"RightName": "WriteDacl", "IsInherited": false, "PrincipalSID": "S-1-5-21-2606098828-3734741516-3625406802-512", "PrincipalType": "Group"}, {"RightName": "GenericWrite", "IsInherited": false, "PrincipalSID": "S-1-5-21-2606098828-3734741516-3625406802-519", "PrincipalType": "Group"}, {"RightName": "WriteOwner", "IsInherited": false, "PrincipalSID": "S-1-5-21-2606098828-3734741516-3625406802-519", "PrincipalType": "Group"}, {"RightName": "WriteDacl", "IsInherited": false, "PrincipalSID": "S-1-5-21-2606098828-3734741516-3625406802-519", "PrincipalType": "Group"}, {"RightName": "GenericWrite", "IsInherited": false, "PrincipalSID": "S-1-5-21-2606098828-3734741516-3625406802-512", "PrincipalType": "Group"}, {"RightName": "WriteOwner", "IsInherited": false, "PrincipalSID": "S-1-5-21-2606098828-3734741516-3625406802-512", "PrincipalType": "Group"}, {"RightName": "WriteDacl", "IsInherited": false, "PrincipalSID": "S-1-5-21-2606098828-3734741516-3625406802-512", "PrincipalType": "Group"}]}],"meta":{"methods":0,"type":"gpos","count":2, "version":5}}